{"cameraMode":{"drawMode":0,"name":"Shaded","section":"Shading Mode"},"sceneLighting":false,"audioPlay":false,"sceneViewState":{"showFog":true,"showMaterialUpdate":false,"showSkybox":true,"showFlares":true,"showImageEffects":true,"showParticleSystems":true},"in2DMode":false,"pivot":{"x":0.2564798593521118,"y":-1.2511935234069825,"z":14.768142700195313},"rotation":{"x":-0.3846340775489807,"y":0.003320010146126151,"z":-0.0013836028520017863,"w":-0.9230621457099915},"size":12.512657165527344,"orthographic":false}