{"cameraMode":{"drawMode":0,"name":"Shaded","section":"Shading Mode"},"sceneLighting":false,"audioPlay":false,"sceneViewState":{"showFog":true,"showMaterialUpdate":false,"showSkybox":true,"showFlares":true,"showImageEffects":true,"showParticleSystems":true},"in2DMode":false,"pivot":{"x":-1.5101368427276612,"y":-3.13568115234375,"z":12.854887962341309},"rotation":{"x":-0.3846340775489807,"y":0.003320010146126151,"z":-0.0013836028520017863,"w":-0.9230621457099915},"size":6.5733256340026859,"orthographic":false}