{"cameraMode":{"drawMode":0,"name":"Shaded","section":"Shading Mode"},"sceneLighting":true,"audioPlay":false,"sceneViewState":{"showFog":true,"showMaterialUpdate":false,"showSkybox":true,"showFlares":true,"showImageEffects":true,"showParticleSystems":true},"in2DMode":false,"pivot":{"x":-0.19915081560611726,"y":20.73825454711914,"z":-28.523887634277345},"rotation":{"x":-0.40530869364738467,"y":0.0005458903033286333,"z":-0.00024222877982538193,"w":-0.9141796827316284},"size":14.25450611114502,"orthographic":false}