{"cameraMode":{"drawMode":0,"name":"Shaded","section":"Shading Mode"},"sceneLighting":true,"audioPlay":false,"sceneViewState":{"showFog":true,"showMaterialUpdate":false,"showSkybox":true,"showFlares":true,"showImageEffects":true,"showParticleSystems":true},"in2DMode":false,"pivot":{"x":0.15820097923278809,"y":-0.05390524864196777,"z":-0.3743877410888672},"rotation":{"x":-0.031802862882614139,"y":0.009592677466571331,"z":-0.0003055719716940075,"w":-0.9994539022445679},"size":14.673912048339844,"orthographic":false}