{"cameraMode":{"drawMode":0,"name":"Shaded","section":"Shading Mode"},"sceneLighting":true,"audioPlay":false,"sceneViewState":{"showFog":false,"showMaterialUpdate":false,"showSkybox":false,"showFlares":false,"showImageEffects":false,"showParticleSystems":false},"in2DMode":false,"pivot":{"x":9.929774284362793,"y":4.788475036621094,"z":7.610182762145996},"rotation":{"x":-0.16823409497737885,"y":0.8221907615661621,"z":-0.4473619759082794,"w":-0.30919235944747927},"size":19.499095916748048,"orthographic":false}