{"cameraMode":{"drawMode":0,"name":"Shaded","section":"Shading Mode"},"sceneLighting":false,"audioPlay":false,"sceneViewState":{"showFog":false,"showMaterialUpdate":false,"showSkybox":false,"showFlares":false,"showImageEffects":false,"showParticleSystems":false},"in2DMode":false,"pivot":{"x":11.529999732971192,"y":9.670000076293946,"z":11.34000015258789},"rotation":{"x":-0.13147906959056855,"y":0.8621481657028198,"z":-0.3978107273578644,"w":-0.2849388122558594},"size":4.041658401489258,"orthographic":false}